{
    "1": [
        [
            10.642409343985124, 
            41.10572104375004
        ], 
        [
            10.924073000324633, 
            41.1873076052456
        ], 
        [
            10.813814827938263, 
            41.40330057268583
        ], 
        [
            10.531357543002315, 
            41.32144396455965
        ]
    ], 
    "2": [
        [
            11.164379472172437, 
            41.02586558618249
        ], 
        [
            11.165314143600208, 
            41.32352059832092
        ], 
        [
            10.772119820011893, 
            41.32353544748678
        ], 
        [
            10.77296773800768, 
            41.02588028827375
        ]
    ], 
    "3": [
        [
            10.996451991835892, 
            41.20328261096335
        ], 
        [
            10.997295263747006, 
            41.50098782829718
        ], 
        [
            10.602644665129445, 
            41.50097666683488
        ], 
        [
            10.60360207263398, 
            41.203271644133885
        ]
    ], 
    "4": [
        [
            11.237319414931916, 
            41.123453754017724
        ], 
        [
            11.238183747092659, 
            41.42103484637491
        ], 
        [
            10.844440970735592, 
            41.42104136241417
        ], 
        [
            10.845367398026337, 
            41.123460375755066
        ]
    ], 
    "5": [
        [
            11.088540796621452, 
            41.294539563027115
        ], 
        [
            11.089493264541705, 
            41.592088570430455
        ], 
        [
            10.694755510579231, 
            41.592097982323374
        ], 
        [
            10.695608949575787, 
            41.29454880608614
        ]
    ], 
    "6": [
        [
            11.330075150015388, 
            41.21448052766591
        ], 
        [
            11.330950773986102, 
            41.51211545029226
        ], 
        [
            10.936625218201375, 
            41.512128125112675
        ], 
        [
            10.93754907282194, 
            41.21449328479854
        ]
    ], 
    "7": [
        [
            11.181576660771448, 
            41.38554215653127
        ], 
        [
            11.182453599583047, 
            41.68317932723097
        ], 
        [
            10.78687828906346, 
            41.68317797382445
        ], 
        [
            10.787817415382719, 
            41.385540909557385
        ]
    ], 
    "8": [
        [
            11.422531712994617, 
            41.305230040165235
        ], 
        [
            11.423491246582255, 
            41.60297899682978
        ], 
        [
            11.02848619005292, 
            41.60300177991811
        ], 
        [
            11.029335683201458, 
            41.305252635501176
        ]
    ], 
    "9": [
        [
            10.992333243227211, 
            41.47658299911435
        ], 
        [
            11.275485224338814, 
            41.55815176996579
        ], 
        [
            11.164607874251029, 
            41.774082070856075
        ], 
        [
            10.880647886443354, 
            41.692239843027714
        ]
    ], 
    "10": [
        [
            11.516924884032775, 
            41.39579459143739
        ], 
        [
            11.517779723184784, 
            41.6934483542785
        ], 
        [
            11.122271760607088, 
            41.69345595886066
        ], 
        [
            11.123233432293695, 
            41.39580237867218
        ]
    ], 
    "11": [
        [
            11.357542686444228, 
            41.52521383513307
        ], 
        [
            11.35848986903802, 
            41.830406609147424
        ], 
        [
            10.95768782997962, 
            41.830422560189206
        ], 
        [
            10.958636825315843, 
            41.525229789401585
        ]
    ], 
    "12": [
        [
            11.587187224608199, 
            41.49440281448169
        ], 
        [
            11.588122715476317, 
            41.79183606703076
        ], 
        [
            11.192254505106291, 
            41.79185310079203
        ], 
        [
            11.193142124307697, 
            41.494419766316994
        ]
    ], 
    "13": [
        [
            11.38705164932447, 
            41.61886582637072
        ], 
        [
            11.388108374939709, 
            41.9396404492283
        ], 
        [
            10.95795941082152, 
            41.93966041500099
        ], 
        [
            10.959048962513533, 
            41.618885853248564
        ]
    ], 
    "14": [
        [
            11.648483995986236, 
            41.58754759061353
        ], 
        [
            11.649584960734346, 
            41.90823458684904
        ], 
        [
            11.21983591586428, 
            41.90826427142373
        ], 
        [
            11.220876294697485, 
            41.58757716266431
        ]
    ], 
    "15": [
        [
            11.200273773621946, 
            41.72459123577512
        ], 
        [
            11.446743439708161, 
            41.85818299717541
        ], 
        [
            11.264090096378808, 
            42.0451853351373
        ], 
        [
            11.017282128596356, 
            41.91120240286337
        ]
    ], 
    "16": [
        [
            11.708751261527874, 
            41.69300298237424
        ], 
        [
            11.709879583609597, 
            42.0138774574031
        ], 
        [
            11.279184270052902, 
            42.01389938710477
        ], 
        [
            11.280211214142778, 
            41.69302472329186
        ]
    ], 
    "17": [
        [
            11.312120690654806, 
            41.823823335517986
        ], 
        [
            11.559105612075724, 
            41.95748920981059
        ], 
        [
            11.376122182382709, 
            42.144534701357834
        ], 
        [
            11.128797010302055, 
            42.01047598138597
        ]
    ], 
    "18": [
        [
            11.82145442170968, 
            41.792246328436775
        ], 
        [
            11.822553044877598, 
            42.11313555068955
        ], 
        [
            11.391208901062924, 
            42.11314486701827
        ], 
        [
            11.392276405602317, 
            41.792255586872884
        ]
    ], 
    "19": [
        [
            11.690041929872642, 
            41.92070967952717
        ], 
        [
            11.691098663653477, 
            42.24162129947824
        ], 
        [
            11.258638086194523, 
            42.24162849206422
        ], 
        [
            11.259763027715552, 
            41.920716999938826
        ]
    ], 
    "20": [
        [
            11.953211686596129, 
            41.88934917130394
        ], 
        [
            11.954237186303223, 
            42.21016346690647
        ], 
        [
            11.522088640280204, 
            42.21015302963189
        ], 
        [
            11.523240186475174, 
            41.889338969954764
        ]
    ], 
    "21": [
        [
            11.509240178498322, 
            42.0256760898041
        ], 
        [
            11.75686821572984, 
            42.159255720572496
        ], 
        [
            11.5733629968513, 
            42.346252622247654
        ], 
        [
            11.3253914422527, 
            42.21227771118418
        ]
    ], 
    "22": [
        [
            12.020094298480686, 
            41.99460866009471
        ], 
        [
            12.021181463413146, 
            42.31515736159114
        ], 
        [
            11.588912199163799, 
            42.31516258035915
        ], 
        [
            11.590008911176364, 
            41.994613896772194
        ]
    ],